광안리해수욕장,http://tong.visitkorea.or.kr/cms2/website/95/2802895.jpg
더베이 101,http://tong.visitkorea.or.kr/cms2/website/71/1971271.jpg
더베이 101,http://tong.visitkorea.or.kr/cms2/website/72/1971272.jpg
더베이 101,http://tong.visitkorea.or.kr/cms2/website/73/1971273.jpg
더베이 101,http://tong.visitkorea.or.kr/cms2/website/74/1971274.jpg
더베이 101,http://tong.visitkorea.or.kr/cms2/website/79/1971279.jpg
더베이 101,http://tong.visitkorea.or.kr/cms2/website/83/1971283.jpg
더베이 101,http://tong.visitkorea.or.kr/cms2/website/85/1971285.jpg
더베이 101,http://tong.visitkorea.or.kr/cms2/website/87/1971287.jpg
더베이 101,http://tong.visitkorea.or.kr/cms2/website/88/1971288.jpg
더베이 101,http://tong.visitkorea.or.kr/cms2/website/89/1971289.jpg
더베이 101,http://tong.visitkorea.or.kr/cms2/website/90/1971290.jpg
더베이 101,http://tong.visitkorea.or.kr/cms2/website/91/1971291.jpg
더베이 101,http://tong.visitkorea.or.kr/cms2/website/92/1971292.jpg
더베이 101,http://tong.visitkorea.or.kr/cms2/website/79/2011879.jpg
더베이 101,http://tong.visitkorea.or.kr/cms2/website/80/2011880.jpg
더베이 101,http://tong.visitkorea.or.kr/cms2/website/81/2011881.jpg
더베이 101,http://tong.visitkorea.or.kr/cms2/website/82/2011882.jpg
더베이 101,http://tong.visitkorea.or.kr/cms2/website/83/2011883.jpg
더베이 101,http://tong.visitkorea.or.kr/cms2/website/88/2011888.jpg
더베이 101,http://tong.visitkorea.or.kr/cms2/website/91/2011891.jpg
더베이 101,http://tong.visitkorea.or.kr/cms2/website/92/2011892.jpg
더베이 101,http://tong.visitkorea.or.kr/cms2/website/96/2011896.jpg
더베이 101,http://tong.visitkorea.or.kr/cms2/website/97/2011897.jpg
더베이 101,http://tong.visitkorea.or.kr/cms2/website/99/2011899.jpg
더베이 101,http://tong.visitkorea.or.kr/cms2/website/00/2011900.jpg
더베이 101,http://tong.visitkorea.or.kr/cms2/website/03/2011903.jpg
더베이 101,http://tong.visitkorea.or.kr/cms2/website/04/2011904.jpg
더베이 101,http://tong.visitkorea.or.kr/cms2/website/05/2011905.jpg
제트보트,http://tong.visitkorea.or.kr/cms2/website/24/2012124.jpg
제트보트,http://tong.visitkorea.or.kr/cms2/website/25/2012125.jpg
제트보트,http://tong.visitkorea.or.kr/cms2/website/27/2012127.jpg
청평호반,http://tong.visitkorea.or.kr/cms2/website/93/2863993.jpg
청평호반,http://tong.visitkorea.or.kr/cms2/website/95/2863995.jpg
청평호반,http://tong.visitkorea.or.kr/cms2/website/99/2863999.jpg
청평호반,http://tong.visitkorea.or.kr/cms2/website/00/2864000.jpg
청평호반,http://tong.visitkorea.or.kr/cms2/website/01/2864001.jpg
청평호반,http://tong.visitkorea.or.kr/cms2/website/02/2864002.jpg
청평호반,http://tong.visitkorea.or.kr/cms2/website/03/2864003.jpg
청평호반,http://tong.visitkorea.or.kr/cms2/website/09/2864009.jpg
청평호반,http://tong.visitkorea.or.kr/cms2/website/11/2864011.jpg
청평호반,http://tong.visitkorea.or.kr/cms2/website/12/2864012.jpg
청평호반,http://tong.visitkorea.or.kr/cms2/website/13/2864013.jpg
청평호반,http://tong.visitkorea.or.kr/cms2/website/14/2864014.jpg
청평호반,http://tong.visitkorea.or.kr/cms2/website/21/2864021.jpg
청평호반,http://tong.visitkorea.or.kr/cms2/website/22/2864022.jpg
청평호반,http://tong.visitkorea.or.kr/cms2/website/23/2864023.jpg
청평호반,http://tong.visitkorea.or.kr/cms2/website/25/2864025.jpg
청평호반,http://tong.visitkorea.or.kr/cms2/website/26/2864026.jpg
청평호반,http://tong.visitkorea.or.kr/cms2/website/27/2864027.jpg
파도와 서퍼,http://tong.visitkorea.or.kr/cms2/website/26/2907526.jpg
수상스키,http://tong.visitkorea.or.kr/cms2/website/31/1143031.jpg
