이름,타입
images,폴더
list,폴더
Test&Common,폴더
getImage_fromList.py,파일
getImage_fromList_append.py,파일
getImage_fromlist_retry.py,파일
getImage_fromList_thumbImage.py,파일
getImage_fromList_thumbImage1.py,파일
getList_Detail_gal.py,파일
getList_Detail_kor.py,파일
getList_keyword_gal.py,파일
getList_keyword_kor.py,파일
images_unsplash_beach,폴더
물놀이장,폴더
광안리해수욕장_1.jpg,파일
대천해수욕장_1.jpg,파일
대천해수욕장_2.jpg,파일
대천해수욕장_3.jpg,파일
대천해수욕장_4.jpg,파일
대천해수욕장_5.jpg,파일
대천해수욕장_6.jpg,파일
더베이_101_10.jpg,파일
더베이_101_11.jpg,파일
더베이_101_12.jpg,파일
더베이_101_13.jpg,파일
더베이_101_14.jpg,파일
더베이_101_15.jpg,파일
더베이_101_16.jpg,파일
더베이_101_17.jpg,파일
더베이_101_18.jpg,파일
더베이_101_19.jpg,파일
더베이_101_20.jpg,파일
더베이_101_21.jpg,파일
더베이_101_22.jpg,파일
더베이_101_23.jpg,파일
더베이_101_24.jpg,파일
더베이_101_25.jpg,파일
더베이_101_26.jpg,파일
더베이_101_27.jpg,파일
더베이_101_28.jpg,파일
더베이_101_29.jpg,파일
더베이_101_30.jpg,파일
더베이_101_31.jpg,파일
더베이_101_32.jpg,파일
더베이_101_33.jpg,파일
더베이_101_34.jpg,파일
더베이_101_7.jpg,파일
더베이_101_8.jpg,파일
더베이_101_9.jpg,파일
부산_송정해수욕장_서핑_76.jpg,파일
부산_송정해수욕장_서핑_77.jpg,파일
부산_송정해수욕장_서핑_78.jpg,파일
부산_송정해수욕장_서핑_79.jpg,파일
수상스키_6.jpg,파일
양양_서피비치_서핑_42.jpg,파일
양양_서피비치_서핑_43.jpg,파일
양양_서피비치_서핑_44.jpg,파일
양양_서피비치_서핑_45.jpg,파일
양양_서피비치_서핑_46.jpg,파일
양양_서피비치_서핑_47.jpg,파일
양양_서피비치_서핑_48.jpg,파일
양양_서피비치_서핑_49.jpg,파일
양양_서피비치_서핑_50.jpg,파일
양양_서피비치_서핑_51.jpg,파일
양양_서피비치_서핑_52.jpg,파일
양양_서피비치_서핑_53.jpg,파일
양양_서피비치_서핑_54.jpg,파일
양양_서피비치_서핑_55.jpg,파일
양양_서피비치_서핑_56.jpg,파일
양양_서피비치_서핑_57.jpg,파일
양양_서피비치_서핑_58.jpg,파일
양양_서피비치_서핑_59.jpg,파일
양양_서피비치_서핑_60.jpg,파일
양양_서피비치_서핑_61.jpg,파일
양양_서피비치_서핑_62.jpg,파일
양양_서피비치_서핑_63.jpg,파일
양양_서피비치_서핑_64.jpg,파일
양양_서피비치_서핑_65.jpg,파일
양양_서피비치_서핑_66.jpg,파일
양양_서피비치_서핑_67.jpg,파일
양양_서피비치_서핑_68.jpg,파일
양양_서피비치_서핑_69.jpg,파일
양양_서피비치_서핑_70.jpg,파일
양양_서피비치_서핑_71.jpg,파일
양양_서피비치_서핑_72.jpg,파일
양양_서피비치_서핑_73.jpg,파일
양양_서피비치_서핑_74.jpg,파일
월정리해수욕장_1.jpg,파일
월정리해수욕장_2.jpg,파일
월정리해수욕장_3.jpg,파일
월정리해수욕장_4.jpg,파일
월정리해수욕장_5.jpg,파일
월정리해수욕장_서핑_1.jpg,파일
월정리해수욕장_서핑_10.jpg,파일
월정리해수욕장_서핑_2.jpg,파일
월정리해수욕장_서핑_3.jpg,파일
월정리해수욕장_서핑_4.jpg,파일
월정리해수욕장_서핑_5.jpg,파일
월정리해수욕장_서핑_6.jpg,파일
월정리해수욕장_서핑_7.jpg,파일
월정리해수욕장_서핑_8.jpg,파일
윈드서핑_서핑_75.jpg,파일
제주바다_서핑_서핑_11.jpg,파일
제트보트_35.jpg,파일
제트보트_36.jpg,파일
제트보트_37.jpg,파일
청평호반_38.jpg,파일
청평호반_39.jpg,파일
청평호반_40.jpg,파일
청평호반_41.jpg,파일
청평호반_42.jpg,파일
청평호반_43.jpg,파일
청평호반_44.jpg,파일
청평호반_45.jpg,파일
청평호반_46.jpg,파일
청평호반_47.jpg,파일
청평호반_48.jpg,파일
청평호반_49.jpg,파일
청평호반_50.jpg,파일
청평호반_51.jpg,파일
청평호반_52.jpg,파일
청평호반_53.jpg,파일
청평호반_54.jpg,파일
청평호반_55.jpg,파일
청풍랜드_1.jpeg,파일
청풍랜드_7.jpg,파일
파도와_서퍼_56.jpg,파일
하조대해수욕장_1.jpg,파일
하조대해수욕장_10.jpg,파일
하조대해수욕장_11.jpg,파일
하조대해수욕장_12.jpg,파일
하조대해수욕장_13.jpg,파일
하조대해수욕장_14.jpg,파일
하조대해수욕장_15.jpg,파일
하조대해수욕장_16.jpg,파일
하조대해수욕장_17.jpg,파일
하조대해수욕장_18.jpg,파일
하조대해수욕장_19.jpg,파일
하조대해수욕장_2.jpg,파일
하조대해수욕장_20.jpg,파일
하조대해수욕장_21.jpg,파일
하조대해수욕장_3.jpg,파일
하조대해수욕장_4.jpg,파일
하조대해수욕장_5.jpg,파일
하조대해수욕장_7.jpg,파일
하조대해수욕장_8.jpg,파일
하조대해수욕장_9.jpg,파일
한강철교_서핑_80.jpg,파일
해운대해수욕장_1.jpg,파일
해운대해수욕장_10.jpg,파일
해운대해수욕장_11.jpg,파일
해운대해수욕장_12.jpg,파일
해운대해수욕장_13.jpg,파일
해운대해수욕장_14.jpg,파일
해운대해수욕장_15.jpg,파일
해운대해수욕장_16.jpg,파일
해운대해수욕장_17.jpg,파일
해운대해수욕장_18.jpg,파일
해운대해수욕장_19.jpg,파일
해운대해수욕장_2.jpg,파일
해운대해수욕장_20.jpg,파일
해운대해수욕장_21.jpg,파일
해운대해수욕장_22.jpg,파일
해운대해수욕장_23.jpg,파일
해운대해수욕장_24.jpg,파일
해운대해수욕장_25.jpg,파일
해운대해수욕장_26.jpg,파일
해운대해수욕장_27.jpg,파일
해운대해수욕장_28.jpg,파일
해운대해수욕장_29.jpg,파일
해운대해수욕장_3.jpg,파일
해운대해수욕장_30.jpg,파일
해운대해수욕장_31.jpg,파일
해운대해수욕장_32.jpg,파일
해운대해수욕장_33.jpg,파일
해운대해수욕장_34.jpg,파일
해운대해수욕장_35.jpg,파일
해운대해수욕장_36.jpg,파일
해운대해수욕장_37.jpg,파일
해운대해수욕장_38.jpg,파일
해운대해수욕장_39.jpg,파일
해운대해수욕장_4.jpg,파일
해운대해수욕장_40.jpg,파일
해운대해수욕장_41.jpg,파일
해운대해수욕장_42.jpg,파일
해운대해수욕장_43.jpg,파일
해운대해수욕장_44.jpg,파일
해운대해수욕장_45.jpg,파일
해운대해수욕장_46.jpg,파일
해운대해수욕장_47.jpg,파일
해운대해수욕장_48.jpg,파일
해운대해수욕장_49.jpg,파일
해운대해수욕장_5.jpg,파일
해운대해수욕장_50.jpg,파일
해운대해수욕장_51.jpg,파일
해운대해수욕장_52.jpg,파일
해운대해수욕장_6.jpg,파일
해운대해수욕장_7.jpg,파일
해운대해수욕장_8.jpg,파일
해운대해수욕장_9.jpg,파일
힐링_서프_서핑_9.jpg,파일
1korean beach1.jpg,파일
1korean beach10.jpg,파일
1korean beach11.jpg,파일
1korean beach12.jpg,파일
1korean beach13.jpg,파일
1korean beach14.jpg,파일
1korean beach15.jpg,파일
1korean beach16.jpg,파일
1korean beach17.jpg,파일
1korean beach18.jpg,파일
1korean beach19.jpg,파일
1korean beach2.jpg,파일
1korean beach20.jpg,파일
1korean beach21.jpg,파일
1korean beach22.jpg,파일
1korean beach23.jpg,파일
1korean beach24.jpg,파일
1korean beach25.jpg,파일
1korean beach26.jpg,파일
1korean beach27.jpg,파일
1korean beach28.jpg,파일
1korean beach29.jpg,파일
1korean beach3.jpg,파일
1korean beach30.jpg,파일
1korean beach4.jpg,파일
1korean beach5.jpg,파일
1korean beach6.jpg,파일
1korean beach7.jpg,파일
1korean beach8.jpg,파일
1korean beach9.jpg,파일
2korean beach1.jpg,파일
2korean beach10.jpg,파일
2korean beach11.jpg,파일
2korean beach12.jpg,파일
2korean beach13.jpg,파일
2korean beach14.jpg,파일
2korean beach15.jpg,파일
2korean beach16.jpg,파일
2korean beach17.jpg,파일
2korean beach18.jpg,파일
2korean beach19.jpg,파일
2korean beach2.jpg,파일
2korean beach20.jpg,파일
2korean beach21.jpg,파일
2korean beach22.jpg,파일
2korean beach23.jpg,파일
2korean beach24.jpg,파일
2korean beach25.jpg,파일
2korean beach26.jpg,파일
2korean beach27.jpg,파일
2korean beach28.jpg,파일
2korean beach29.jpg,파일
2korean beach3.jpg,파일
2korean beach30.jpg,파일
2korean beach4.jpg,파일
2korean beach5.jpg,파일
2korean beach6.jpg,파일
2korean beach7.jpg,파일
2korean beach8.jpg,파일
2korean beach9.jpg,파일
3korean beach1.jpg,파일
3korean beach10.jpg,파일
3korean beach11.jpg,파일
3korean beach12.jpg,파일
3korean beach13.jpg,파일
3korean beach14.jpg,파일
3korean beach15.jpg,파일
3korean beach16.jpg,파일
3korean beach17.jpg,파일
3korean beach18.jpg,파일
3korean beach19.jpg,파일
3korean beach2.jpg,파일
3korean beach20.jpg,파일
3korean beach21.jpg,파일
3korean beach22.jpg,파일
3korean beach23.jpg,파일
3korean beach24.jpg,파일
3korean beach25.jpg,파일
3korean beach26.jpg,파일
3korean beach27.jpg,파일
3korean beach28.jpg,파일
3korean beach29.jpg,파일
3korean beach3.jpg,파일
3korean beach30.jpg,파일
3korean beach4.jpg,파일
3korean beach5.jpg,파일
3korean beach6.jpg,파일
3korean beach7.jpg,파일
3korean beach8.jpg,파일
3korean beach9.jpg,파일
beach_1.jpg,파일
beach_10.jpg,파일
beach_2.jpg,파일
beach_3.jpg,파일
beach_4.jpg,파일
beach_5.jpg,파일
beach_6.jpg,파일
beach_7.jpg,파일
beach_8.jpg,파일
beach_9.jpg,파일
korean beach1.jpg,파일
korean beach10.jpg,파일
korean beach11.jpg,파일
korean beach12.jpg,파일
korean beach13.jpg,파일
korean beach14.jpg,파일
korean beach15.jpg,파일
korean beach16.jpg,파일
korean beach17.jpg,파일
korean beach18.jpg,파일
korean beach19.jpg,파일
korean beach2.jpg,파일
korean beach20.jpg,파일
korean beach21.jpg,파일
korean beach22.jpg,파일
korean beach23.jpg,파일
korean beach24.jpg,파일
korean beach25.jpg,파일
korean beach26.jpg,파일
korean beach27.jpg,파일
korean beach28.jpg,파일
korean beach29.jpg,파일
korean beach3.jpg,파일
korean beach30.jpg,파일
korean beach4.jpg,파일
korean beach5.jpg,파일
korean beach6.jpg,파일
korean beach7.jpg,파일
korean beach8.jpg,파일
korean beach9.jpg,파일
korean seaside1.jpg,파일
korean seaside10.jpg,파일
korean seaside2.jpg,파일
korean seaside3.jpg,파일
korean seaside4.jpg,파일
korean seaside5.jpg,파일
korean seaside6.jpg,파일
korean seaside7.jpg,파일
korean seaside8.jpg,파일
korean seaside9.jpg,파일
광명안양천물놀이장_12.jpg,파일
도농한강공원물놀이장_4.jpg,파일
서서울호수공원물놀이장_6.jpg,파일
안양천_물놀이장_1.jpg,파일
오산시청물놀이장_10.jpg,파일
우천숲물놀이장_7.jpg,파일
천동_물놀이장_11.jpg,파일
태평동물놀이장_8.jpg,파일
한강시민공원삼패지구물놀이장_9.jpg,파일
함평엑스포공원_물놀이장_13.jpg,파일
etc,폴더
getList_물놀이장_korSearch1.csv,파일
getList_보트_korSearch1.csv,파일
getList_수상레저_korSearch1.csv,파일
getList_수상레포츠_korSearch1.csv,파일
getList_윈드서핑_korSearch1.csv,파일
kor키워드검색리스트_통합.csv,파일
kor키워드검색리스트_통합_컨텐츠아이디.csv,파일
content_ids.csv,파일
failed_requests.csv,파일
fail_log.csv,파일
file_list_20250417.csv,파일
getlist_Detail01.csv,파일
getlist_Detail02.csv,파일
getlist_galleryList.csv,파일
getlist_korAreaCode.csv,파일
getlist_search_수상레저.csv,파일
getlist_search_수상레포츠.csv,파일
getList_서울빛초롱축제_korSearch1.csv,파일
list_project_file_20250417.csv,파일
list_with_folders_20250417.csv,파일
no_image_ids.csv,파일
retry_requests.csv,파일
searchlist1_Detail_대천해수욕장.csv,파일
searchlist1_Detail_서핑.csv,파일
searchlist1_Detail_윈드서핑.csv,파일
searchlist1_Detail_하조대해수욕장.csv,파일
searchlist1_Detail_해운대해수욕장.csv,파일
searchlist1_바나나보트.csv,파일
searchlist1_서핑.csv,파일
searchlist1_윈드서핑.csv,파일
searchlist1_윈드서핑_1.csv,파일
searchlist1_축제_1.csv,파일
success_log.csv,파일
valid_ids.csv,파일
getImage_fromList_dilimiterT.py,파일
getImage_korSave.py,파일
getImage_korUrl.py,파일
getImage_unsplash.py,파일
getList_com_check_image_availability.py,파일
getList_com_filename.py,파일
getList_com_filename_hidden.py,파일
getList_com_file_dir_name.py,파일
getList_contents2.py,파일
getList_Detail_kor_error.py,파일
getList_galList01.py,파일
getList_galListTest.py,파일
getList_korAreaCode.py,파일
getList_korCategoryCode.py,파일
getList_korContents.py,파일
getList_searchListkor.py,파일
getTip_gpt_Test.py,파일
ImageSave.py,파일
main.py,파일
utils.py,파일
