돈내코유원지,http://tong.visitkorea.or.kr/cms2/website/54/3392654.jpg
돈내코유원지,http://tong.visitkorea.or.kr/cms2/website/52/3392652.jpg
한섬해수욕장,http://tong.visitkorea.or.kr/cms2/website/21/3389221.jpg
한섬해수욕장,http://tong.visitkorea.or.kr/cms2/website/13/3389213.jpg
한섬해수욕장,http://tong.visitkorea.or.kr/cms2/website/12/3389212.jpg
월정리해수욕장,http://tong.visitkorea.or.kr/cms2/website/15/3364915.jpg
월정리해수욕장,http://tong.visitkorea.or.kr/cms2/website/30/3364930.jpg
월정리해수욕장,http://tong.visitkorea.or.kr/cms2/website/93/3364893.jpg
월정리해수욕장,http://tong.visitkorea.or.kr/cms2/website/11/3364911.jpg
월정리해수욕장,http://tong.visitkorea.or.kr/cms2/website/12/3364912.jpg
월정리해수욕장,http://tong.visitkorea.or.kr/cms2/website/62/3364862.jpg
월정리해수욕장,http://tong.visitkorea.or.kr/cms2/website/24/3364924.jpg
월정리해수욕장,http://tong.visitkorea.or.kr/cms2/website/19/3364919.jpg
월정리해수욕장,http://tong.visitkorea.or.kr/cms2/website/28/3364928.jpg
월정리해수욕장,http://tong.visitkorea.or.kr/cms2/website/18/3364918.jpg
월정리해수욕장,http://tong.visitkorea.or.kr/cms2/website/17/3364917.jpg
월정리해수욕장,http://tong.visitkorea.or.kr/cms2/website/14/3364914.jpg
세기알해변,http://tong.visitkorea.or.kr/cms2/website/95/3364295.jpg
세기알해변,http://tong.visitkorea.or.kr/cms2/website/94/3364294.jpg
세기알해변,http://tong.visitkorea.or.kr/cms2/website/85/3364285.jpg
세기알해변,http://tong.visitkorea.or.kr/cms2/website/72/3364272.jpg
세기알해변,http://tong.visitkorea.or.kr/cms2/website/57/3364257.jpg
세기알해변,http://tong.visitkorea.or.kr/cms2/website/50/3364250.jpg
세기알해변,http://tong.visitkorea.or.kr/cms2/website/49/3364249.jpg
세기알해변,http://tong.visitkorea.or.kr/cms2/website/48/3364248.jpg
세기알해변,http://tong.visitkorea.or.kr/cms2/website/47/3364247.jpg
세기알해변,http://tong.visitkorea.or.kr/cms2/website/46/3364246.jpg
세기알해변,http://tong.visitkorea.or.kr/cms2/website/40/3364240.jpg
세기알해변,http://tong.visitkorea.or.kr/cms2/website/39/3364239.jpg
세기알해변,http://tong.visitkorea.or.kr/cms2/website/36/3364236.jpg
세기알해변,http://tong.visitkorea.or.kr/cms2/website/23/3364223.jpg
세기알해변,http://tong.visitkorea.or.kr/cms2/website/15/3364215.jpg
세기알해변,http://tong.visitkorea.or.kr/cms2/website/14/3364214.jpg
세기알해변,http://tong.visitkorea.or.kr/cms2/website/13/3364213.jpg
세기알해변,http://tong.visitkorea.or.kr/cms2/website/05/3364205.jpg
세기알해변,http://tong.visitkorea.or.kr/cms2/website/04/3364204.jpg
세기알해변,http://tong.visitkorea.or.kr/cms2/website/91/3364191.jpg
세기알해변,http://tong.visitkorea.or.kr/cms2/website/90/3364190.jpg
세기알해변,http://tong.visitkorea.or.kr/cms2/website/68/3364168.jpg
김녕성세기해변,http://tong.visitkorea.or.kr/cms2/website/43/3364043.jpg
김녕성세기해변,http://tong.visitkorea.or.kr/cms2/website/50/3364050.jpg
김녕성세기해변,http://tong.visitkorea.or.kr/cms2/website/52/3364052.jpg
김녕성세기해변,http://tong.visitkorea.or.kr/cms2/website/69/3364069.jpg
김녕성세기해변,http://tong.visitkorea.or.kr/cms2/website/05/3364105.jpg
김녕성세기해변,http://tong.visitkorea.or.kr/cms2/website/08/3364108.jpg
김녕성세기해변,http://tong.visitkorea.or.kr/cms2/website/37/3364137.jpg
김녕성세기해변,http://tong.visitkorea.or.kr/cms2/website/49/3364149.jpg
김녕성세기해변,http://tong.visitkorea.or.kr/cms2/website/50/3364150.jpg
김녕성세기해변,http://tong.visitkorea.or.kr/cms2/website/54/3364154.jpg
김녕성세기해변,http://tong.visitkorea.or.kr/cms2/website/55/3364155.jpg
세기알해변,http://tong.visitkorea.or.kr/cms2/website/61/3364161.jpg
김녕성세기해변,http://tong.visitkorea.or.kr/cms2/website/68/3364068.jpg
김녕성세기해변,http://tong.visitkorea.or.kr/cms2/website/67/3364067.jpg
흥겨운농악놀이,http://tong.visitkorea.or.kr/cms2/website/03/2925703.jpg
동호해수욕장,http://tong.visitkorea.or.kr/cms2/website/17/2562617.jpg
동호해수욕장,http://tong.visitkorea.or.kr/cms2/website/16/2562616.jpg
낙산해수욕장,http://tong.visitkorea.or.kr/cms2/website/15/2562615.jpg
낙산해수욕장,http://tong.visitkorea.or.kr/cms2/website/14/2562614.jpg
낙산해수욕장,http://tong.visitkorea.or.kr/cms2/website/13/2562613.jpg
낙산해수욕장,http://tong.visitkorea.or.kr/cms2/website/12/2562612.jpg
2018 정남진장흥물축제,http://tong.visitkorea.or.kr/cms2/website/13/2561113.jpg
2018 정남진장흥물축제,http://tong.visitkorea.or.kr/cms2/website/11/2561111.jpg
2018 정남진장흥물축제,http://tong.visitkorea.or.kr/cms2/website/08/2561108.jpg
2018 정남진장흥물축제,http://tong.visitkorea.or.kr/cms2/website/00/2561100.jpg
2018 정남진장흥물축제,http://tong.visitkorea.or.kr/cms2/website/98/2561098.jpg
2018 정남진장흥물축제,http://tong.visitkorea.or.kr/cms2/website/85/2561085.jpg
2018 정남진장흥물축제,http://tong.visitkorea.or.kr/cms2/website/84/2561084.jpg
2018 정남진장흥물축제,http://tong.visitkorea.or.kr/cms2/website/83/2561083.jpg
2018 정남진장흥물축제,http://tong.visitkorea.or.kr/cms2/website/82/2561082.jpg
2018 정남진장흥물축제,http://tong.visitkorea.or.kr/cms2/website/76/2561076.jpg
2018 정남진장흥물축제,http://tong.visitkorea.or.kr/cms2/website/72/2561072.jpg
2018 정남진장흥물축제,http://tong.visitkorea.or.kr/cms2/website/67/2561067.jpg
2018 정남진장흥물축제,http://tong.visitkorea.or.kr/cms2/website/51/2561051.jpg
2018 정남진장흥물축제,http://tong.visitkorea.or.kr/cms2/website/50/2561050.jpg
해운대해수욕장,http://tong.visitkorea.or.kr/cms2/website/76/2570376.jpg
해운대해수욕장,http://tong.visitkorea.or.kr/cms2/website/77/2570377.jpg
풍물놀이,http://tong.visitkorea.or.kr/cms2/website/38/2563738.jpg
흥,http://tong.visitkorea.or.kr/cms2/website/61/2563761.jpg
무릉계곡,http://tong.visitkorea.or.kr/cms2/website/91/2541491.jpg
무릉계곡,http://tong.visitkorea.or.kr/cms2/website/80/2541480.jpg
맥(脈),http://tong.visitkorea.or.kr/cms2/website/58/2504258.jpg
함양 용추계곡,http://tong.visitkorea.or.kr/cms2/website/09/1853209.jpg
만리포해수욕장,http://tong.visitkorea.or.kr/cms2/website/29/1701429.jpg
만리포해수욕장,http://tong.visitkorea.or.kr/cms2/website/48/1701448.jpg
만리포해수욕장,http://tong.visitkorea.or.kr/cms2/website/57/1701457.jpg
만리포해수욕장,http://tong.visitkorea.or.kr/cms2/website/97/1701397.jpg
만리포해수욕장,http://tong.visitkorea.or.kr/cms2/website/50/1701350.jpg
만리포해수욕장,http://tong.visitkorea.or.kr/cms2/website/64/1701364.jpg
만리포해수욕장,http://tong.visitkorea.or.kr/cms2/website/13/1701213.jpg
만리포해수욕장,http://tong.visitkorea.or.kr/cms2/website/10/1701210.jpg
만리포해수욕장,http://tong.visitkorea.or.kr/cms2/website/17/1701217.jpg
신두리해수욕장,http://tong.visitkorea.or.kr/cms2/website/22/1700322.jpg
신두리해수욕장,http://tong.visitkorea.or.kr/cms2/website/12/1700312.jpg
신두리해수욕장,http://tong.visitkorea.or.kr/cms2/website/10/1700310.jpg
신두리해수욕장,http://tong.visitkorea.or.kr/cms2/website/06/1700306.jpg
신두리해수욕장,http://tong.visitkorea.or.kr/cms2/website/04/1700304.jpg
신두리해수욕장,http://tong.visitkorea.or.kr/cms2/website/24/1700324.jpg
